id;pay_order_number;pay_order_date;amount;slip_no;controlling_no;created_by;created_date;last_modified_by;last_modified_date;fertilizer_id;dealer_id
1;17227;2023-10-02;92082;24117;36235;high-level Ball;2023-10-02T11:46:57;Christmas;2023-10-02T08:46:56;1;1
2;34933;2023-10-02;65546;69236;47393;vortals;2023-10-02T06:47:17;primary;2023-10-02T17:26:57;2;2
3;98187;2023-10-02;29163;66252;39714;Arizona magnetic Clothing;2023-10-02T17:02:37;Reactive multi-byte SCSI;2023-10-02T07:11:38;3;3
4;21952;2023-10-01;4114;38768;50818;aggregate sexy De-engineered;2023-10-02T13:01:30;encryption program Mills;2023-10-02T11:48:29;4;4
5;6253;2023-10-02;81093;22080;47283;Fort feed;2023-10-02T05:03:30;Kuwait;2023-10-02T16:45:23;5;5
6;32916;2023-10-02;59600;82247;35516;input state;2023-10-02T05:06:43;Facilitator;2023-10-02T09:21:50;6;6
7;77708;2023-10-02;5968;92091;46982;Berkshire;2023-10-02T05:55:51;Associate Albania Bacon;2023-10-02T11:37:42;7;7
8;13548;2023-10-01;81120;14174;70823;Towels Optional neutral;2023-10-01T23:38:39;parsing;2023-10-02T10:11:10;8;8
9;35284;2023-10-02;38491;36571;67395;Account hacking;2023-10-01T18:44:26;system Pound;2023-10-02T13:10:30;9;9
10;32595;2023-10-02;62838;88384;79245;Open-architected Rand;2023-10-02T14:55:48;bottom-line Market;2023-10-02T14:29:09;10;10
